iter	RMSE
0	30.06830005
1	30.00348184
2	29.83390628
3	29.75011864
4	29.64055211
5	29.52934629
6	29.42169126
7	29.25895533
8	29.146077
9	29.00411321
10	28.87734476
11	28.76530195
12	28.61225158
13	28.51604605
14	28.3901999
15	28.25460339
16	28.14932667
17	28.01891622
18	27.88371218
19	27.80923331
20	27.74197588
21	27.69650062
22	27.65028721
